9.010719498629655710e-01,-1.725367892546691984e-01
1.546391211078602890e+00,4.367266521722644734e-01
1.404038026694102159e-01,1.978787441681356896e+00
-2.423359010283089310e-01,2.045114394442346217e+00
-1.086945822655868144e-01,2.309156173433820625e-01
9.621487268257519210e-01,6.188302608070385125e-01
8.164586738867909421e-01,1.312502044096262699e+00
1.304520790104158445e+00,-6.903848344421217309e-01
7.068003877486513931e-01,1.038520093912519204e+00
1.451781319273714121e+00,-4.574033250707074671e-01
-3.858028604532250938e-01,2.781909313012188356e+00
-1.337345805439560165e+00,1.913106380757108704e+00
1.807936995957418080e+00,-6.344394955824989024e-01
1.541221875863659996e+00,-1.427810072373584482e+00
4.207289432439438315e-01,-3.712130846489634095e-01
-9.705601380209292195e-01,1.808299173377881264e+00
5.829024020912683124e-01,1.079984820218912622e+00
2.678812945687170100e-02,2.411856081355265857e-01
1.476086279302229354e+00,-8.089542733735807234e-01
-1.089862597623612039e-01,7.179231850088494404e-01
9.700159869834941162e-01,-1.459386295054471372e+00
1.114172566980534018e+00,-7.055932566433739117e-01
3.186430416415175770e-02,1.118198066522443135e+00
-2.270262514925263098e-01,1.697415732774780972e+00
1.855644745653550309e+00,9.967714619131818887e-01
-1.070444329936292238e+00,1.236076671973901142e+00
-7.180397357413094150e-01,1.030097703444481372e+00
2.011858486085288389e-01,-2.381808919084292819e-01
1.405354206877990286e+00,-1.023000699111230816e+00
1.385632364068519751e+00,-1.552651986977895415e-01
-6.204813051522931611e-01,3.901084768379295964e-01
8.580206794852884844e-01,8.265724092609267881e-01
1.111993997940055490e+00,-1.501396299629229159e+00
1.349634616293909684e+00,-3.706446295961857151e-01
1.593239013306042562e-01,1.313776769327902327e+00
-1.167375770442613536e-01,2.392204300329265454e+00
4.257091087076598779e-01,1.837687439860833383e-01
-7.444763033053480861e-01,1.139804089336386550e+00
1.094483805476662575e+00,-7.565401304513236225e-01
1.716886996313476077e+00,-2.107006568547189929e+00
-6.179382929005988734e-01,-1.754178756522509763e-01
1.223648510561442082e+00,-1.207445691116646236e+00
2.252477342817849060e+00,-6.398271709150537001e-01
-1.500657435083490032e-01,1.680919175794852061e+00
1.960851523834042931e-01,1.112188097461595415e+00
-7.348839451960853530e-02,1.909727630426979905e+00
1.130081852679782672e+00,-5.206206549233065584e-01
2.255419600492367671e-01,9.227077738595834688e-02
2.078073688368648142e+00,6.877366126132705704e-01
-9.144514576538252948e-01,1.442164459082542649e+00
-2.542183172866836482e-01,2.472839148149650335e+00
6.079943912113264792e-01,1.613681737417424600e+00
1.335622129346248022e+00,-8.205394067673945635e-01
-5.721189838601473676e-01,1.268382400732473325e+00
1.411098482384921304e+00,1.019539485616648422e-01
1.651759950350248474e+00,-1.970293443478667417e+00
4.380721527371130852e-01,4.175990791603422236e-01
1.005389408570386500e+00,1.207178787990470958e+00
-8.306305581914680269e-01,8.438526214606861808e-01
8.099199766262608069e-01,-5.825768383264804395e-01
-7.799057467977474900e-01,2.295401587473660854e+00
-4.024812785035896123e-01,2.088517844948730051e+00
8.694404492759209013e-01,1.740527003427892794e+00
1.953832654624157339e+00,-4.021393190145708951e-01
-8.935371086735256485e-01,2.387808210184963809e+00
2.274501668129047527e+00,-1.018268489586943382e+00
-5.757012542755786111e-01,2.830964204586689181e+00
-7.037254940314900953e-01,-5.244763253408502024e-02
-8.679035365699616644e-02,3.832205208615354630e-01
1.769636619557471091e+00,-4.482410704365988874e-01
1.220992538350811341e+00,-1.011906406437928396e+00
-5.807664202252826868e-02,-6.217495869412297260e-01
1.123251670306559369e+00,1.418297195829414825e+00
7.269714972484286886e-02,1.955395548068032507e+00
1.364396514712357344e+00,-9.183857553718275391e-01
-1.109895674102932883e+00,1.443504780520850961e+00
1.261864740932240103e+00,-7.986263015178044489e-01
3.281206703296164484e-01,-3.770284468299665015e-01
1.023692517290413662e+00,1.469756477296563002e+00
5.988552205003552231e-01,1.101903466492030859e+00
1.842183134846947512e-01,2.153177907245533262e+00
-3.091816571959287163e-01,2.991071576239328511e+00
6.417176024868909145e-03,1.232175523960714170e+00
2.319967272189958907e-01,-3.370991485092467155e-02
-3.372762823191107762e-01,-1.580192514382287028e-01
2.679150188382065645e-01,6.254729718251536008e-01
-9.166785119224096778e-01,1.273623169255535981e+00
-4.409488097417376684e-01,2.635872961665525871e+00
-3.412247490484390244e-01,8.494547198679678335e-01
2.025970725179586651e+00,-4.610112365411256352e-01
1.756122827216352045e-01,-2.916175724747199771e-01
3.669147279342643841e-03,2.325590459441623459e+00
-3.385985220549940777e-01,3.314790342249693822e-01
1.820689766504114626e+00,-9.768532996030269144e-01
5.840209890074851140e-01,1.743622126816971596e-01
-3.150492006890405206e-01,3.032173290174032809e-01
-1.723958510628986751e-01,5.161576931016855774e-01
-6.995537995389102814e-01,8.722316375884524575e-01
2.080082908326780444e+00,1.254339694066836097e-01
1.182091600845667223e-01,1.985092289587737646e+00
1.667598182110799909e+00,-1.465547763270386161e+00
2.498186156264124325e+00,-3.361210292926991583e-01
-4.977798949463474454e-01,-6.552859192911151265e-01
-4.559049238519020664e-01,4.872895712314883054e-01
1.113320996327423540e+00,-1.848336588346878973e+00
-5.832875047753983688e-01,1.955309295461333807e+00
3.261794455604893894e-01,2.136741440752023102e+00
1.202475058192734592e-01,-6.725452224228957165e-01
1.741673203680485171e+00,-7.679898594426066705e-01
1.323825970875830649e+00,3.580670992355106108e-02
1.522167613230525962e+00,1.390695695420576694e+00
-6.170453747060081762e-01,2.367604055124833184e+00
1.903646029237068937e+00,-4.740307124446462295e-01
-5.388860676133760963e-01,1.735499372196462886e+00
1.526468703897819967e+00,4.031553251679830252e-01
-7.543618265949922908e-01,2.678939167370970154e+00
4.562150620721382444e-01,1.189160643369481241e-01
-1.182321177007377599e+00,6.905847540747480640e-01
1.255547559787066447e+00,1.476412595689925666e+00
1.192378836430365130e+00,-6.269419481999430888e-01
1.877685809437761089e+00,-8.234156793297364718e-01
1.418999223064050907e+00,-9.827071516769472215e-01
1.572256682667542371e+00,-7.205184098088808220e-01
-1.588551025136257788e-01,1.872904173973379161e+00
6.674493139679367193e-01,1.456615150012795068e+00
8.909605472101110868e-01,1.704363043456530225e+00
7.844737598626927433e-02,1.713424409593731657e+00
5.919477538435123920e-01,-1.345216634071224160e+00
9.384194796454508047e-01,1.078968918082977124e+00
5.418424564030625001e-01,6.560777271999312932e-01
-1.516974433819212820e+00,1.007809624654139702e+00
1.092505405201760205e+00,-6.913916094423073755e-01
9.089833769945189212e-01,1.505771671179016558e+00
1.110044125960204964e+00,1.650006272125728701e+00
-3.735266129727775608e-01,1.224397624014493813e-01
2.839163713214107876e-01,5.631118144765048239e-01
9.252037918633675417e-01,-7.169201362441950387e-01
-1.073351316392118449e+00,1.802994952065332779e+00
-2.095117025781026987e-01,7.228759604393589777e-01
-1.818425787351005685e-01,1.871502500879755670e+00
1.526556160489573433e+00,-7.795255113345285203e-01
1.041713178288218966e+00,2.798814999186247654e-01
-5.955451455666325167e-01,5.780062691999621194e-01
-1.140417162448748023e+00,1.551194130438668051e+00
2.628550426938131235e+00,-6.232619053688941424e-01
9.835687675865293356e-01,8.944326567302940401e-02
1.271885444479641247e-01,5.966774883126040319e-01
-3.186222165917370619e-01,1.538488813324049964e+00
-6.175055667143592997e-01,1.938445142050539971e+00
-7.893786950081604914e-01,2.257970190534654975e+00
7.712377672254446814e-01,7.333633037611018146e-01
1.063692711172498750e+00,-1.299568614110296894e-01
1.604484611436632679e+00,-1.195907116083350097e+00
1.098992053014098413e+00,1.432685095793401198e-01
-3.450453663803554338e-01,8.865843806333624233e-01
1.002366437080213224e+00,-1.668632036470097724e+00
-8.610742507387467715e-01,1.024325007500648033e+00
1.032968857939542184e+00,-1.054818100296718519e+00
-2.972794602862749436e-02,2.216206442287512068e+00
1.432418542856310983e+00,5.266950316657392772e-01
-3.870840309506833332e-01,1.136968652149042969e+00
4.983922450610768218e-01,2.648560218548147382e+00
4.278565537903358251e-01,1.001991207186841537e+00
1.949217582344823008e+00,-3.117363548405750473e-01
-3.382465335327000666e-01,8.746619044300592005e-01
-3.713175010491513994e-01,-8.998167856155230293e-01
2.014558039964781111e-01,2.397310812506542321e-01
4.094837555607299118e-01,7.670317834016043834e-01
1.422249008460567676e-01,1.261342380428188248e+00
-7.863672438384748942e-01,2.283960328904271364e+00
-6.907019781696737137e-01,-3.634857941386517854e-01
5.805059747868159814e-01,-1.100249302065202661e+00
6.467132251227657447e-01,2.538249145747306201e+00
-7.633635599997818932e-01,1.406135543879545757e+00
-3.108782250904056355e-01,2.791728625895597560e-01
1.739750678593089628e+00,-8.302920856546920358e-01
1.144367096740874334e+00,-1.091873838882846393e+00
-8.533299545917460982e-02,1.560784748428786228e+00
-2.156004682653691606e-01,2.559105161865212530e+00
2.208514650368739396e+00,-1.585134576111964400e+00
2.248332969268084902e+00,-9.286557339758296781e-01
1.811775257482713952e-01,8.753551015746764419e-01
6.765051122363375802e-01,-5.838294358738488343e-01
-7.765972582148431558e-01,1.008307037410309803e+00
-3.382425957749486400e-01,2.712325986741337402e+00
1.487360033126864822e+00,-1.006954424396023784e+00
1.121158779096947500e+00,-1.773599283808844351e-01
-7.162488122231724930e-02,2.321745197532266047e+00
1.356607459345453570e-01,9.127668930255534718e-01
5.619422576769941280e-01,6.008360035644204622e-01
8.134284594388406786e-01,-3.802719442977028352e-01
7.889812227719111837e-01,1.582058100838338310e-01
9.488679406203682776e-01,-4.229413798586344475e-01
6.255713851622833888e-01,1.601484399354357047e-01
-6.822893523332237420e-01,4.876312075279437552e-01
1.532964391071545140e+00,6.996561065899820075e-02
3.619944075405908679e-01,-4.849581958357044309e-01
4.680640546742870223e-01,-7.264356639884389510e-01
-9.285785818108530654e-01,1.109788260886886757e+00
1.409074611006238875e+00,-1.063834474216965864e-01
-8.190979669826679022e-01,2.114512543977727255e+00
9.804260830691292616e-01,1.371730184911323924e-03
-9.686932412811896098e-01,1.361095385572518079e+00
1.020929588174211533e+00,3.296040165769904551e-01
2.689396345205403716e-01,-4.564265023848730340e-01
9.014723821014958283e-01,2.280499545275029849e+00
-4.899531330346118541e-01,2.193762522595177344e+00
1.384144131623573859e+00,1.774065865053304769e-01
1.712954974924584484e+00,4.358709273698883058e-01
-4.699480051922269030e-01,2.284917353648478588e+00
8.107630721904580673e-01,-2.326835796678162982e+00
1.128419006506909961e+00,3.380991459185944681e-01
5.070572943707469804e-01,1.045322778259949459e+00
1.175311717724844884e+00,2.270752734486088720e+00
3.211522070956303043e-01,4.868432332635734827e-01
2.876816460136129017e-01,-4.372407672794165201e-01
1.985906236935822022e+00,-1.087100463479783841e+00
1.604494094332188370e+00,9.818227542215309800e-01
1.721758001127176030e+00,-1.212465940166998601e+00
-4.629181074214606673e-01,-3.303379608153277358e-01
1.176243720284221528e+00,7.310212584876462083e-01
-5.383130701741800639e-01,2.526142667139711584e+00
8.175272116244954868e-01,4.992943216196011891e-01
2.134148862765060439e+00,-1.109815118600064654e+00
-6.510008847039894242e-02,1.811575357399080266e+00
1.689548181194802989e+00,-1.137228806303599571e-01
1.698138438905916203e+00,8.557540464632178434e-01
8.923895539050985537e-02,2.286491063888148378e+00
1.165239343379346648e+00,-1.783513154568939774e+00
1.682617536952545789e+00,-1.926526451491283654e+00
1.089069423872448539e+00,2.219913828725320393e+00
2.261425202250427091e+00,-1.091944076587719969e+00
1.185387808547648802e+00,-1.281963545453004283e+00
3.300986285571756440e-01,1.144935541409486390e+00
4.382378243726863243e-01,3.230636982565893156e-02
1.930108987943149446e+00,2.610777723416435325e-01
1.550764585627942838e+00,1.346263816178677297e+00
6.931053868448249222e-01,-3.203517446968391358e-01
7.741882683004742693e-01,-1.298184813080804023e+00
2.101101102958365274e+00,-1.192450511380593881e+00
1.754343135022965017e+00,5.725484417815416283e-01
-2.650095887651151561e-01,1.462455051379457194e+00
2.037310990613518058e+00,-1.168879947520495843e+00
-1.194727724456449813e+00,2.564647062851679760e+00
-9.531692698177515188e-01,1.708301011107793865e+00
3.630257947054972290e-01,-3.057265876343412403e-01
-9.911469898423862501e-01,1.973287021934411634e+00
2.692744086959131256e-02,3.051174863504022561e+00
5.819597295278196025e-01,-5.449901178583351768e-01
1.095637674991724264e+00,-4.038443241631017866e-02
7.034117586156362067e-01,1.572592589786929285e+00
2.113327053317082704e+00,6.588515937187852112e-01
6.466338559241350259e-01,1.692296449860281715e+00
5.440642163050936064e-01,-5.033576946506655991e-01
-7.617062490379370443e-01,2.267013956970818533e+00
-6.539597602058009329e-01,2.019395606361507944e+00
-4.887057396878607962e-01,2.359575162623193556e+00
3.581041070956469952e-01,-1.695340111648694803e+00
8.665696930888870941e-01,2.877506256155444309e-01
1.253918699659491320e+00,1.003321222174801131e-01
-1.990003835612735861e-01,1.972496803039586855e+00
1.569194386374794803e-01,1.660423313265283696e+00
-6.357799922611716559e-01,3.126953255444862023e+00
-7.535420940219914598e-01,2.157683888995269861e-01
1.483932863659444656e+00,-1.456357540636076031e+00
1.390082289716444652e+00,-1.036143345610252675e+00
-6.719883348220853092e-01,-2.070984300692869651e-01
2.928195678486177345e-01,-1.165288471303000950e+00
2.594654551628414740e-01,2.434543021107567817e+00
7.452672842075525050e-02,4.667321381442953721e-01
6.995611220918956930e-01,6.533535513267529904e-02
-4.370841033939401044e-01,-2.192910849335514278e-01
1.376448915230635839e+00,-2.156463518052100792e-01
1.260044733017026575e+00,8.266708548484735797e-01
1.458652900541298481e-01,3.199220232510217032e-01
1.314986546257629563e+00,-1.678787965176709474e+00
2.896763436733128527e-01,-3.944716326269325224e-01
7.427607534955747992e-01,1.482707632049281798e+00
4.279949083754336359e-01,9.465670503611250952e-01
-2.285192313994668378e-01,2.668324713135517889e+00
6.099698331791241213e-01,-8.590563866227916012e-01
8.689555417865979514e-03,1.361017377790177729e+00
1.673133105499488016e+00,-1.084185392738947762e+00
-5.786449946726311966e-01,1.188401320104023107e+00
2.344000288063963211e-01,8.861022867785792734e-01
1.151337434688938011e+00,1.050119210973298856e+00
1.523017526275009192e+00,4.289124781534287001e-01
-1.473153747247835987e+00,1.698029512151939535e+00
-7.523164572980024500e-01,4.449071752131940061e-01
4.757059135942693917e-01,1.540890780862642417e+00
1.089635903934792927e+00,8.410522847357577714e-01
5.111135624034102154e-02,7.892778545808086799e-01
7.238622370549325780e-01,5.707462519030945813e-01
1.069513402116692102e+00,-1.762817937427990866e+00
1.920624761006121117e-01,5.931340876595555534e-01
1.517081175042004126e+00,-1.976190031502842892e+00
1.521173954536131356e+00,-5.920030590247939983e-01
4.479553695008314795e-01,3.923528154467680329e-01
7.888273393736732197e-01,8.601978372196789069e-01
-9.201547439881616608e-01,2.712333185836744764e+00
-6.631647432541665221e-01,1.647905863544760097e+00
8.424092633770159377e-01,-3.223154389586493362e-01
-5.015945796294118963e-01,2.243865221200707083e+00
1.105243584238948529e+00,1.577506727917086682e+00
2.226815940774305336e+00,-4.631575664101953427e-01
1.507971597898167149e+00,-1.202457868470140134e+00
2.667033603357495952e-01,5.135536575914001478e-01
-8.699230203345418300e-01,2.592893685563695261e-01
2.190297371592495601e+00,-2.854223685970813662e-01
1.348836302528602316e+00,1.484120968134620133e+00
6.797525890241402635e-01,7.559117930938352714e-01
2.179030923651486873e+00,-3.200474120764631447e-01
-7.289676087890174516e-01,6.855831107745017361e-01
-9.031396605128066968e-01,2.364195110050511417e+00
1.602640056454453177e+00,-1.656359271541300915e+00
1.496014329833900813e+00,-4.296755065049840949e-01
2.032064150942641589e+00,7.494320839562450542e-01
7.240623145570751484e-01,1.137865879521181789e+00
9.891325189527651052e-01,-1.398263474013786256e+00
-3.698137073139659003e-01,1.005107212053137467e+00
1.522727407792843213e-01,8.695233205412915556e-01
6.412514792532365560e-01,1.014683551127416816e+00
6.454727972318852203e-02,1.699387790462144610e+00
3.005579220007001950e-01,3.359240639351090962e-02
-4.397170961774594655e-01,1.369649538426531699e+00
1.043931172493423043e-01,1.584325949010148893e+00
-2.943630153661178639e-01,2.965686400050040916e+00
-7.619213380001441660e-01,1.583219210913916930e+00
7.284074409138288075e-01,-3.073922807457218909e-01
4.987594047096811645e-01,1.360468365683802805e+00
8.291418191338459920e-01,6.230442410420233834e-01
6.830482665096992978e-02,-7.762189201185299980e-01
-2.315714390101202280e-01,-5.544744575197246839e-02
1.713648708635227891e+00,-1.225409200865750448e+00
-4.788040630683765286e-02,2.079887625633813908e+00
2.128175080483434289e-01,-3.036269285205805968e-01
3.629132631449921709e-01,1.641413377450173794e-02
-9.922187516249771910e-01,2.065878680051882466e+00
-6.138822256623582829e-01,-4.887121294753810075e-01
-5.168667276083516171e-02,6.575314107842351596e-01
-2.223270119033968761e-01,-3.226794281271057052e-01
7.690531154657374024e-01,2.379328129476716569e-01
7.644259698390700741e-01,-1.020503362493704769e+00
1.075133646364589968e+00,-6.457851944402120958e-01
-1.896140584978797117e-01,8.338246278952617940e-01
-1.273071257461005912e-01,-1.179886896473237190e+00
-6.516447845281679863e-01,1.918584141281241884e+00
1.570423707069215746e+00,-2.537318128296186526e-01
-6.946020642011674351e-01,5.321297613829092388e-01
7.893746551927554034e-01,4.463864270898487696e-02
-1.035314706412803876e+00,2.423298697618402109e+00
1.158727955287701672e+00,-2.708524025014926728e-01
8.463690089259219285e-01,5.162198477405204322e-01
7.776130118698161287e-01,-1.224306751222969503e+00
1.490622164686761231e-01,4.044910900777280993e-01
1.362054636966942844e+00,-1.300875566680258277e+00
6.697589837610348207e-01,1.559362659057939915e+00
2.958625213006469412e-01,1.287046360350016849e+00
2.470101883766595119e+00,-8.252450448140912220e-01
3.594101941985117232e-01,7.963374957192355108e-01
9.780658610960942800e-01,2.898381671478261756e-01
1.114300241393306967e+00,-4.814282389982527111e-01
3.909630297755165573e-01,1.382942097928901326e+00
4.471446917997923265e-02,3.077237854915399140e+00
9.540159396817885495e-01,1.918882791662380516e+00
2.518416304226520630e-01,-1.101421671748199493e-01
-9.186097182293531116e-01,1.768899788959881869e+00
-1.721530790518376319e-01,9.204862834467207877e-01
-1.188070294323127385e+00,2.033271326034010063e+00
1.947842921389382642e+00,-1.457627494342918162e+00
1.584465327213519625e+00,-1.138118422881038150e-01
-1.222963649465063085e-01,-7.384565481184486302e-01
1.065798523577454304e+00,7.494493586285483344e-01
1.736897607184747949e+00,-1.468723872016599152e+00
7.853882133254809217e-01,-7.075673348923158246e-01
9.485959500643318387e-01,-4.765483218139580091e-01
-8.210931127037446320e-02,1.930652608349071375e+00
3.169920666824352917e-01,7.293403108766252085e-01
2.174822565788796513e+00,-9.151097228121574112e-02
1.074391735629002254e-01,2.071936054797553162e+00
5.960450049109126125e-01,8.471014869183840501e-01
8.739354145829990594e-01,2.378431766701341044e+00
1.547138356380061586e+00,-7.902506161152815789e-01
-4.111368519820497447e-01,2.128323282696443552e+00
4.299952062276826137e-01,1.482990998198647103e+00
8.399524402748482776e-01,-1.101978372751200030e-02
2.130301392615101985e+00,-5.500539861088470373e-01
-3.005621040786066178e-02,4.143774871771171986e-01
1.126971863194930812e+00,-5.417507111283047516e-01
-7.831582234163262379e-01,6.433876621930670892e-01
1.699305584640206312e+00,-1.205502013293289432e+00
1.148880565178587609e+00,-5.321385152753878023e-01
6.048434577031180925e-01,-6.605751654022860020e-01
1.491689790455229092e+00,-2.980557323297605699e-01
1.476426621171267328e-01,8.509311257002885043e-01
1.144278657980032810e+00,-2.270583561471319900e-01
1.619128912012284482e+00,-1.236487413315570771e+00
7.939571881126005204e-01,-4.568539791606006650e-01
2.593367543971892841e-01,1.894189978784503570e+00
8.333983972154868081e-01,1.829414894409343573e+00
-5.664114367132622174e-02,1.027730926211824602e+00
1.820696040889685952e+00,-4.394910039654413847e-01
1.480351993012214429e-01,1.047782134180628155e+00
-9.602554330313325393e-01,-8.381101244564481689e-04
-1.398573427550780846e+00,1.646183856829932957e+00
1.987566076422782491e+00,-6.082348368817693807e-01
1.344949299129406306e+00,8.799739044699879109e-01
3.603812090390274836e-01,7.947247321894945760e-01
2.275900039903698158e+00,-2.555274446291300183e-02
2.976159801799262983e-01,1.096877919372639676e+00
1.491874826423540412e+00,-2.183330440938101802e+00
-1.259410830377767354e-01,6.314988473531082391e-01
1.388553736895809188e+00,-1.411644158103273927e+00
1.185017608350866336e+00,-9.819446248029316537e-01
1.080937722257904188e-01,2.119797744511995319e+00
4.571121252453377304e-01,-5.501450292820130317e-01
-1.435300753591817413e+00,1.146213490512424160e+00
-7.158826395820044874e-01,2.509659123292765859e+00
-1.339046615017635666e+00,1.871287512857008339e+00
5.650256450770203553e-01,-3.216846473743644186e-01
6.878953148968338649e-01,2.408410363350354189e+00
1.510925193071818384e+00,4.634398318711769882e-01
5.942231157740411884e-01,7.743522332600869529e-01
1.276514679274456832e+00,7.522234534464975475e-01
1.153272121771112602e+00,1.808681627225785959e+00
1.550057898014404412e+00,-1.664782255038160574e+00
1.297035252724891841e-01,6.168812846928424243e-01
9.152583869819805873e-01,1.505834981644979420e+00
2.133369962049277646e+00,-3.313927928522715227e-01
-2.676483824465595296e-01,-9.275768534165550472e-01
1.073137584104099096e+00,5.241318604602751563e-03
4.165429966823552821e-02,1.767583332210181712e+00
1.044588750659540377e+00,1.582288672914154759e+00
6.570432583993338627e-01,1.236802518015953645e+00
8.828196062907955888e-02,4.188789884188526269e-02
1.883838383578886555e+00,1.068735409763988953e+00
5.493692746059826160e-01,-1.483646746462084831e+00
9.947547821514316491e-01,-3.217350557536159394e-01
-6.195248204517344037e-01,8.010740133579766775e-01
1.668439615712800306e+00,-5.206694815998336168e-01
-8.915452940001374893e-01,-2.040788117335223806e-02
-7.766604463824152704e-01,2.226573842957601634e+00
1.597020962468131078e+00,-1.888518466041984478e+00
1.624812256268069799e+00,-1.227766990502181077e+00
9.749840098984302594e-01,-1.154878024128535685e+00
7.573487521206884177e-01,1.892505240367318819e+00
1.460242401550615465e+00,-1.038714920506428108e+00
2.657691196568535696e-01,2.415726725162592903e+00
-1.913084719234149356e-01,1.092933780757049167e+00
-4.050855796077993398e-01,3.042676257449027366e-01
-7.034404574017628642e-01,2.195954230233579274e+00
3.651385851977567709e-01,-4.283299478859999843e-01
1.298634281267327939e+00,-2.164155549203101714e-01
7.132202840502906982e-01,-1.833358223467642656e+00
1.792012844399989646e+00,-1.024817352055194197e+00
2.384628238221590202e+00,-1.377058514848536586e+00
4.511435426401697590e-01,1.463064699749347941e+00
1.011006114156704161e+00,-8.119186756031231411e-01
-3.440825519630275053e-01,-7.794787104708853498e-01
1.682583096167896475e+00,-9.875838297959180778e-01
1.813093533651103817e+00,-8.067040662471667289e-01
-9.242292243422134401e-02,-1.518233742160726152e+00
-6.108654468950177607e-01,3.097927043985031936e+00
3.195414236996910740e-01,7.936944192894809236e-01
3.669743891909197364e-01,1.053230729206040106e+00
1.922301438366238902e+00,1.085339984348618891e-01
9.940176967560201415e-01,2.134229169615516675e+00
1.858771097979130538e+00,-1.365943318158530095e+00
9.218339728275551925e-01,5.355672469278361936e-01
-2.448750769395794391e-01,1.892977804287007126e-01
-3.349003382421440467e-01,5.928255822238559514e-01
-4.746850734487887413e-01,1.432754288108881280e+00
1.609958297162359830e+00,-7.164546462356591316e-01
1.270929709879322633e+00,-1.507834461080735711e+00
1.450590295858957379e+00,-1.335083479819970886e+00
6.548180226500165402e-01,-2.091655012413534687e-01
-7.212842231337268650e-02,1.621648505622791392e+00
1.125229823979883248e+00,5.877054060450077611e-01
2.320883051219184701e+00,-1.007915875208175382e+00
-1.398135227833330774e+00,2.357768206534787137e+00
1.100536789951937600e+00,-1.717793325778636415e+00
-9.438363797121029908e-02,1.091976774727766664e+00
-3.037238844813628935e-01,2.316042159700779646e+00
-4.461452346441003858e-01,1.855571514398947519e+00
1.950620553020593562e+00,-7.519057404278750578e-02
1.335828166882329970e+00,-1.152263392242230733e+00
-4.188596648864300054e-01,1.415417663959524175e+00
2.257472627452637770e+00,-6.246892195905603407e-01
-4.564001125682296545e-01,1.254279163956757426e+00
1.087155096415350464e+00,-1.673149961232113236e-01
-1.076055408443233663e+00,1.225896751210945101e+00
9.680023711441437806e-01,-7.288371761466471144e-01
1.713329957120211189e+00,-1.477685945020097646e+00
2.117952886487495245e-01,3.159380107464410337e+00
8.894712018897329431e-01,7.340852348503102975e-01
1.239429296109635370e+00,-1.707722825088574314e+00
2.970061055383272919e-01,9.734638819338725657e-01
1.729088745444923525e+00,-2.060959217775365282e+00
9.267753165876165822e-01,1.842243661292375378e+00
1.287899793979334628e-01,5.185705647739460300e-01
9.578027339180887889e-01,-4.366367615053421414e-01
-1.363247153678325052e+00,1.266343422144676101e+00
1.774040770697192571e+00,-3.505624562180967851e-01
6.817964340214853758e-01,2.128311634484318038e+00
-3.531073836122955445e-02,2.818061443124337817e+00
1.874924604000297812e+00,1.134890802156047762e+00
-2.808531612112457054e-01,2.839497655542205568e+00
-9.287240496968063308e-01,1.895674522284780839e+00
1.774300097145143695e+00,-4.996416488755394125e-01
1.060142306640555088e+00,-6.425390746768288031e-01
5.316041947510278254e-01,-1.337250572448734909e-01
1.612035994318874232e+00,-8.061005749325826919e-01
9.382107381995685724e-02,1.082537623446095942e+00
1.066160106429494769e+00,5.946061608523811604e-01
1.391890936020073744e-01,5.396708191366238472e-01
1.241374964470786768e+00,-1.828196851277698265e+00
1.255292794170287607e+00,-1.493577869155053417e+00
8.448170960053187351e-01,5.088103970066644166e-01
5.666979065442896424e-01,-1.233556356938354526e+00
-6.214728327604951419e-01,2.889959745133919844e-01
1.812612046987744918e+00,3.581840243380606248e-01
-2.884480708534697957e-02,1.003453574219459465e+00
-5.657568070563684381e-01,4.037533423902476271e-01
1.073081714884480009e+00,2.176348874873235140e-02
1.629295848490114329e-01,2.808658573159042993e-01
-5.981271245374468748e-01,2.827710495379392341e+00
6.153878985470223606e-01,-1.446086055676523152e+00
-1.607322101307317785e+00,1.721627707710148503e+00
-8.897177447022783792e-01,1.895449204520042397e+00
1.599761361592707543e-01,2.172257360536124615e+00
-1.008996089183922251e-01,1.442570456329291595e+00
-9.953942628678846827e-02,5.990361108520346756e-01
7.682848585310829703e-01,1.653174138427421003e+00
1.490954549555068898e+00,-7.756282507295132467e-01
8.210624047057237807e-01,1.775573182991930787e+00
2.239194839603982690e+00,2.909185466009315268e-01
1.779285489930927611e+00,-5.059150548496007538e-01
6.014730720146823639e-01,1.189887262853481120e+00
-4.458572577680282034e-01,1.325271542727141094e+00
1.536045524352182889e+00,-1.953075291591690910e+00
1.228544774940998563e+00,9.030475127288368764e-01
2.762894216081727139e-01,1.648443848923714095e-01
7.661024295229182934e-01,2.224684673931855095e+00
-2.684871434929895218e-01,2.571667950076478970e+00
1.848701991356986873e+00,-9.384055443650777262e-01
1.172898781193228102e+00,1.028336558733311312e+00
-4.936709226779111281e-01,1.786962229998759977e+00
1.305419484015725828e+00,-8.480709204774122822e-01
2.732210778121274553e-01,-1.006462591797287587e+00
4.416148585954926542e-01,-1.704947595451337561e+00
-1.232265523205982705e+00,1.629847726859770418e+00
3.030061263007871597e-01,1.813779240249896230e+00
1.052613033905439588e-01,-1.709034589063097576e-01
1.078530004755887672e-01,2.517493724809138467e+00
1.699839932756187499e+00,-5.260649562705037585e-01
-7.777622975157415519e-01,2.815573612334562714e+00
7.881646082822572064e-01,-3.557170508379322582e-01
4.509263982979441199e-01,1.763564762947509523e+00
-8.343415843584589542e-02,1.182562350958773045e+00
4.498347787109476803e-01,1.733156760686000109e+00
1.521127033854835275e+00,-1.717464384651116394e+00
1.331427566241980109e+00,-1.845165273954062712e+00
4.355999635808938120e-02,1.127296644057639075e+00
-4.279578614179532225e-01,1.796341956441218635e+00
1.768049346508850928e-01,5.565663646622838190e-01
1.038571852082524671e+00,7.369830490822311120e-01
1.085330101272778514e+00,5.051169995504697363e-01
-1.148266475386799712e+00,8.104392026978299857e-01
2.816080080284952825e-01,-6.341450971923199287e-01
-8.708846737083822953e-01,2.749337340176623012e+00
-1.374713307850095045e-02,1.264135185312373899e+00
2.983726324253338502e-01,-2.832116831666956491e-01
-5.525973108546968771e-01,1.816618619030764048e+00
1.743283439382413702e+00,-1.377874879150158272e+00
5.338102419903908435e-01,2.044534997723072678e+00
-7.019874892226177776e-01,1.747358530426751599e+00
2.079528444580640567e-01,-1.223164880260084963e+00
5.325071557448289861e-01,2.117579709194545856e+00
6.729389931192130136e-01,3.500799899922496516e-01
1.893070969156853689e+00,-9.332945900414634233e-01
5.696937903749582643e-01,2.011498053777114770e+00
-1.013259690919060318e+00,1.859569326777955389e+00
-4.621511829319308040e-01,1.784879443449859604e+00
1.925914927556603429e-01,6.594543932745952075e-01
1.184314973384795300e+00,1.945797049874482543e-01
-6.199540910229757174e-01,2.460561781203633558e+00
-4.760290142597777274e-01,5.825942564934986079e-01
1.567886629482753591e+00,5.008259084202862921e-01
1.415587822924541772e+00,9.612244183758646976e-01
1.139563262475816519e+00,3.546110698924761495e-01
1.788149031602423999e+00,-1.252495154350357964e+00
1.423739202118720737e+00,-1.034468366604518685e+00
1.486183572014762255e+00,-1.982965951286459916e+00
2.569262766238397111e-01,-1.556059854216484517e+00
7.245667179697304894e-01,1.720806852884332105e+00
8.207707915962066947e-01,-1.758315268831353695e+00
6.855328932778040896e-01,1.467259174405917577e+00
1.558601371450955009e+00,6.833383081352766286e-01
-8.400731878429485988e-01,1.298400499575856459e+00
-6.815525127048579490e-01,2.546978978729310672e+00
1.381899844449020476e+00,1.877503053638400754e-01
7.513914809706028208e-01,7.201166734327593133e-01
1.068556624935713462e+00,7.894269780313950546e-01
1.768169044469502627e+00,-1.145078024722951504e+00
2.749047116829784754e-01,1.066496819064636226e-01
1.687023668058563075e+00,-1.170151962158394454e+00
1.857104848606523362e-01,7.749074369299178144e-01
-8.318412897283188334e-01,1.828304263485249326e+00
1.172543828370292474e+00,-4.510329034487058353e-01
7.627228478673251377e-01,1.626157694212637672e-02
-2.804462719745581811e-01,6.883133012497781866e-01
1.120634161003952745e-02,2.130685085515958477e+00
2.284201088888565545e-01,1.644105257745617887e+00
1.188375801270018295e+00,-1.302714717023076840e-01
8.005139519953224925e-01,-6.187405226732515251e-01
-5.367324175273535669e-01,1.912900757388014350e+00
3.721794420377776413e-01,9.843819430121470981e-01
1.235426814225111913e+00,-8.727836220751383767e-01
1.700588869049088236e+00,-1.858229044472291536e+00
9.576670782745292376e-01,5.429554358556604177e-01
2.006202956618368560e+00,-1.266988399387517505e+00
3.668505747023148578e-01,-5.388938488432359897e-03
-2.993917770503056186e-01,1.593522875478230905e+00
-6.358006818037550412e-01,1.838774695161211614e+00
-8.948734625073549998e-01,1.763490948074008635e+00
-3.072659488948810136e-01,1.193304701809543289e-01
-8.045611089489314027e-01,7.741440004206253667e-01
3.987058446577372850e-01,9.052458026003941116e-01
4.435075113607810371e-01,7.482905657860013937e-01
1.301228633842523852e+00,3.067541679480823014e-01
5.852063680036588833e-01,1.341475264038366255e+00
1.652061045911695780e+00,-1.731225693997191284e+00
2.768699132077538927e-01,1.852300137720272577e+00
5.991140345136363177e-01,1.052325398571997139e+00
2.405002926196190272e-01,1.758331461288496822e+00
-3.946006360137368496e-01,7.880485647533421734e-01
2.061439676772760965e+00,-2.713207160473528612e-01
-8.785946778937506751e-01,3.298220028259649661e-01
-1.316568412194785154e-01,3.185426835577009008e+00
-1.122492003186043030e-01,-6.040907158840058688e-02
-4.079867679077545661e-01,8.553717755503414955e-01
-8.439684470631317881e-01,2.804793143404273881e+00
-2.202927016421929451e-01,1.503972818509888398e+00
4.170696000621617605e-01,9.023908217854706981e-01
-8.195888796538607357e-01,2.761887222591616009e+00
1.472918141401079684e+00,-2.765429879892732368e-01
4.754242957358910671e-01,9.143567900793646563e-01
2.079600439088481467e-01,-1.327304734563855781e+00
1.469137512337503892e-02,1.736007110548654531e+00
1.625253333482626239e+00,-5.342953929682358050e-01
-5.897449371256263673e-01,6.974947088120398986e-01
2.036725805202229678e-01,1.344486674915462920e+00
2.241386276159602620e+00,2.442443897169206402e-01
-2.560149610596954561e-01,6.223653834513233063e-01
-1.023315418893780304e+00,2.271561942561548975e+00
-6.133276004672035819e-01,2.654280198593818252e+00
-3.357274231305432677e-01,5.019177380635629904e-01
-7.322713818925380425e-01,2.292557979859986883e+00
8.891411503491574164e-01,1.158840539934898661e+00
-1.739308659183965711e-01,1.537025280355154511e+00
-5.593632099539357361e-01,2.184426678393045496e+00
1.221882130883890749e+00,-1.139245192630527814e+00
4.248880680472052473e-01,2.963189496188123329e+00
3.201237454270861038e-01,4.835243888539653145e-02
2.425832606932409874e-02,-1.597896756408518693e+00
7.497817423764014944e-01,-7.914300825221582958e-01
1.875048184638008930e+00,6.440764887484362600e-02
2.557438603539557986e-01,2.888544014671369453e+00
-2.542628570090232909e-02,1.738781809859614391e+00
-7.841214981514049720e-01,2.425023198192290508e+00
4.636759237215054563e-01,9.144676204507763417e-01
5.827065775559037153e-02,4.018303206728069954e-01
-6.505100486325879894e-01,2.323679467476881477e+00
1.307864837826809179e+00,-1.249023071515313887e+00
1.971787063021391839e-01,5.246944737403734793e-01
1.760816591444676504e+00,-3.929997123489074040e-01
-6.179878130129307090e-01,1.176075147944008137e+00
1.791992847990659055e+00,-1.340129340959709481e+00
1.110675063854908551e+00,-4.118027740374063939e-01
1.077824425831011457e+00,-1.689702767194569688e-01
6.459623345042966314e-01,2.575494089980156165e+00
-1.196495404834933662e+00,2.279810428690795643e+00
2.271625852097687304e+00,-1.416742998999839909e+00
2.038080493770692669e+00,-1.015610589628999527e+00
-8.252666341815141360e-01,9.552096248169904547e-01
1.212391560253012646e+00,-1.337900713050903967e+00
2.751915303943079927e-01,-6.450292261162220431e-01
-8.868688751266929904e-01,2.303513957645780152e+00
1.551651803532161811e+00,-2.071382355554272081e+00
3.414023939773725980e-01,-4.342285462647162975e-01
1.124604291710842308e+00,1.451380330129448115e-02
7.621315723069903569e-01,1.377306652778757190e+00
3.009381088099996049e-01,2.161516930937556147e+00
1.293810733780062172e+00,-3.541306651941884542e-01
-8.943978235564969959e-01,1.874249473142407751e+00
6.333123837516460020e-01,1.907780066394692220e+00
-4.527115227795441843e-02,1.578375590870683798e+00
-9.637885685500168220e-01,1.147071897499063908e+00
-4.248718331910014134e-01,1.543472940346772848e+00
7.076598279655041956e-01,8.658398150551955830e-01
1.458431000870715977e+00,-2.290543368352880194e+00
3.656710590031789776e-01,1.325567807658870612e-01
-1.084497775149500853e+00,1.294956690225813833e+00
-4.483779153596105793e-01,1.278914713024145389e+00
-3.513287471819128704e-01,1.654785571879052952e+00
-1.009575886911977749e+00,2.100851270910814694e+00
1.300518110887176393e+00,8.437223590542093365e-01
-6.366081578433420152e-01,2.489245045343211338e+00
1.283697051583132520e-01,1.678124102191402400e+00
-3.944085655927195289e-01,1.056689691124558239e-01
-8.685239343362395337e-01,1.642974142089749900e+00
8.753087142588983349e-01,1.458035753714963967e+00
-9.279513777357608628e-01,1.409964539372066117e-01
3.813646891730434474e-01,1.002067580914837830e+00
2.722171930252450522e-01,-2.938327049225706311e-01
1.284903278861679432e+00,1.906994797609641523e+00
3.711689141473354381e-01,7.451286241436111402e-01
2.079490648761095350e-02,2.080931566756768269e+00
1.143942955652273108e+00,-3.353868634158592155e-01
1.030422013474139753e+00,-1.793077961103678675e+00
1.864766035972984515e+00,-1.359198203005202110e+00
1.297480470964510246e+00,-8.785283169037435558e-01
-2.968810359386417908e-01,8.649760591159703083e-01
-9.110458625886892481e-01,1.587330175582794434e+00
6.061063519203381267e-01,-8.447784665956327155e-01
1.326824318364288269e+00,-1.012219120472527933e+00
4.657702653747941568e-02,-2.317322291218224528e-01
2.021278221332829528e-01,9.833362948706454443e-01
4.026430243129660580e-01,-3.908790090871657741e-01
5.226430830062972488e-01,2.600079084296655907e+00
7.409858234836631530e-01,1.986499584418589315e+00
6.306736124813339117e-02,1.110789728588716940e+00
1.461065897522196844e-01,-7.995847341006901976e-01
9.724657675622069286e-01,-5.705148812723533913e-01
8.058574439091759078e-01,7.672497187178495270e-01
1.556859243430217754e+00,-5.598941634975460602e-01
1.077927927283039544e+00,6.560713434352488660e-01
1.455967185282781795e+00,5.914334018316799169e-01
1.267346882469118086e+00,4.042564222299609433e-01
9.153268615112941653e-01,-6.984952726093032194e-01
1.243864057665439393e+00,5.085616193523496698e-01
-1.061023215629525396e+00,1.355099862689691737e+00
-5.773789592824833949e-01,2.609779842712712572e+00
1.335020789734087998e+00,5.735573959305643177e-01
1.059624383213181087e+00,1.088836708586526925e+00
-7.204083265371103995e-01,2.260461599408551514e+00
-6.411134063953376483e-01,2.412898219584791448e-02
-2.582852047337946821e-02,1.442799192175535206e+00
1.303638051315164859e+00,-1.615311006809360128e+00
2.770188870185011920e-01,-7.158764298579390895e-01
1.936600438051898188e+00,-6.791657435590936487e-01
1.973837734805590216e+00,1.585892237987484021e-01
4.905276673187219938e-01,-9.409523184592587519e-01
1.293522950756614165e+00,-1.941973927056257487e-01
1.237747460099768215e+00,-8.879315616169073389e-01
3.920319006268258022e-01,-1.001954634699142588e-01
-3.405289083833079600e-01,1.289928209027343620e+00
1.752682889559076251e-01,2.819856495024163134e+00
1.584655062857773355e+00,-3.943846712903139595e-01
-1.292062324696912068e+00,1.837179803079495910e+00
1.204774075539398082e+00,-3.537350525470175366e-01
8.472964484491432025e-01,2.434643451220984023e+00
-4.561202225479532579e-02,-2.215018950541469689e-01
6.356267779670817797e-01,1.393183643988146203e-01
5.438814882573291820e-01,1.375009000112515922e-01
1.266845377148619889e+00,-1.630296606442291907e+00
-6.656378017572770478e-01,8.486792203317417016e-01
-6.436035425987487457e-01,-1.271052764640652200e-01
1.780116334499627362e+00,-2.051428642410238368e+00
-8.683225677584899271e-01,2.612406455039804065e+00
9.367296306877976875e-01,-1.883966891174730041e+00
1.641309955440464208e-01,2.920243982317346720e+00
2.227409152523893265e+00,-8.366557179549375389e-01
-1.475382644102465335e-01,-5.348287838394165661e-01
1.684886744352965815e+00,-1.154170413840483578e+00
-7.586756993933581050e-01,1.482342629745422524e+00
5.993294965948858799e-01,-8.201037279958516280e-01
-5.609615182701302993e-01,1.218775368441490148e+00
3.726507264034842892e-01,-1.362040304606138896e+00
1.202479099558955378e+00,-5.302672498388354416e-01
9.027951250552938012e-01,-1.078231642794269529e+00
-8.223377540490394155e-01,8.260177366480500050e-01
4.397686931243752761e-01,1.257342045109487660e+00
-1.466979960611074052e+00,9.178337604755271162e-01
4.499986476475420494e-01,2.538791142464724704e+00
1.088009332459796141e-01,-1.207294102392534096e+00
8.510614607856344938e-01,-3.112780211713517264e-02
1.705180443483070185e+00,-1.312318518902872544e+00
2.376638707217847424e-01,-1.338510826961695210e-01
1.195643547230115011e+00,-8.091129302386491640e-01
1.939904582451946968e+00,2.826521847769847273e-02
6.344625194699160531e-01,6.138123664370378485e-01
5.006526645351291327e-01,1.553255761421576953e+00
7.606341098256825806e-01,1.139120702849665490e+00
-1.143892051707581459e+00,3.049464806996401434e-01
1.806414780575679169e-01,8.689166998437652945e-01
1.147314993475828437e+00,1.505434443696439306e+00
1.507709387038402848e-02,4.158108373016877746e-02
9.455684807957661642e-01,1.448398496935287660e+00
3.315897331242092516e-01,-1.040610713992073944e-01
8.825860410794278410e-01,-1.214643505146597580e+00
1.061902709450125215e+00,1.217598689256951694e+00
-3.499744639197823748e-01,-5.680229854553091595e-01
1.001075365579024323e+00,-2.196166757845569251e+00
-6.796943959493314535e-01,1.844697453908838991e+00
-2.220379863543074928e-01,1.427903278056411818e+00
3.131395705974999721e-01,1.887465527380381314e+00
-6.308678097657598460e-01,1.308003418381718630e+00
-1.606015680462459239e-01,1.268519528262474605e+00
-2.157267736784762580e-01,1.290122405881507950e+00
9.498508497398538974e-02,1.062169153305613234e-01
-2.591819067863440074e-01,1.864942245987960767e+00
2.907477516319789679e-01,1.318407851203089454e+00
1.220246250716929159e+00,-1.018955962636687085e+00
-1.198118508907012325e+00,1.386921223621960131e+00
-1.127336313933338108e-01,1.129332201725644635e+00
4.149501240556252579e-01,8.177526730434336866e-01
3.123760179962533634e-01,-1.489231310584322010e+00
-8.864864315654052973e-01,2.442570162794507560e+00
1.200928914866640884e+00,-6.769730191928280405e-02
-8.721560800393457491e-01,2.278258541039978713e+00
8.395129536877306009e-01,1.151038808854058182e+00
-2.150990683738049913e-01,1.907929655762792942e+00
1.974272568267291028e+00,-1.037195807722114616e+00
-2.683216315064658186e-01,1.143509866385397311e+00
2.090044468205294326e+00,-9.431085594775120429e-01
-1.069348859961761988e+00,1.985239513874600403e+00
2.748615509253390377e-01,1.983119020753763451e+00
-3.187554965077976643e-02,-1.423575586161409223e+00
1.739968507176883339e+00,-7.193548240900765611e-01
4.103868474459495541e-01,1.578395406896865749e+00
-2.713952989038824759e-01,-6.325326474015502409e-02
-6.289677130060032928e-01,2.355071498608072744e+00
-4.017460109942612156e-01,1.138074726072253462e-01
5.136978997982580841e-01,-3.474659317607141640e-01
-2.743898864859602993e-01,9.792389768917663107e-01
2.297281395009419525e-01,2.272203698178411058e-01
1.426004275733157911e+00,-1.732484335314664836e+00
-2.470821173836947882e-01,3.623892169328997159e-01
6.362520147810333260e-01,1.407801602081825587e+00
-2.225347331441853704e-01,-4.319547991409717902e-01
8.595914777920999894e-01,1.222443831282109095e+00
1.137513656242734150e+00,1.159062209259389853e+00
9.945298958265375022e-01,-6.008187195552249227e-01
8.436225812291192616e-01,3.856518365848223828e-01
9.229186837045199043e-01,1.696853435977918156e+00
-5.885353738070373542e-01,1.187981050893368362e+00
1.202534462800350479e+00,-2.028919886176669962e+00
-8.554299568767452788e-01,1.766305903326405025e-01
-1.392150918182471164e+00,5.965641228976037436e-01
7.331555116435068964e-01,2.215603522437992190e+00
3.285655102421973783e-01,-7.243810089357469728e-01
4.020812482380826669e-01,6.431409320099807925e-01
1.596335635247623674e+00,2.340095006995555060e-01
1.507986947384332366e+00,1.530376995459279410e-01
-1.089572800501520389e-01,-6.885216069450205145e-01
7.639842111449314244e-01,9.502971535579448625e-01
1.967849935949651297e+00,-8.712771708471387377e-01
-2.532813936097592089e-01,2.363596251339571630e+00
2.824956154158262400e-01,-8.787398235461902907e-01
-1.409355647575510240e+00,7.919489284214643599e-01
1.580322908081527089e+00,1.654562123243814575e+00
-1.510079166625135638e+00,1.185322766250581861e+00
9.452754750177742027e-01,-4.892046206347721027e-01
1.050854401062295107e+00,-1.411948453762495337e+00
7.166100351951436576e-01,2.104581786262109233e+00
3.943480981635777427e-01,1.615939049630880753e+00
1.979238909449590800e+00,1.029213754158766925e+00
7.401432173218526200e-01,-1.012007718167256431e+00
8.721158975848526396e-01,2.162334917881170604e+00
9.819710125846761173e-01,1.889661310264748373e+00
8.331088414827392263e-02,4.245037897302930130e-01
-1.293163525003012015e+00,1.494971869837123490e+00
1.461748609047029968e-01,1.393392045953423253e+00
1.125890135930247116e+00,-1.189945242973632356e-01
1.515233595461892957e+00,-2.076983093539074288e-01
-2.902592674500295011e-01,1.615561353388177190e+00
1.146685972980090451e+00,5.012043473570155783e-01
-6.942416208445728598e-01,4.346426252211338381e-01
2.802422746103226947e-01,1.850162531186136494e+00
-5.889566625249141874e-01,9.512870940027914335e-01
6.614485370655721619e-01,9.449908766948632577e-01
1.861203599291243460e+00,-7.878122431412626359e-01
1.642916700712548250e+00,2.512218337800382617e-01
-5.104833597814606438e-02,2.066453595299050594e+00
1.677374863726071030e-01,1.372360992070469354e-01
-6.423635996361294342e-01,1.857198168334328381e+00
-3.427236725035721632e-01,1.279922363090998161e+00
-7.780933485141791062e-01,1.467284198031009179e+00
1.489291561550647680e+00,-6.588055505264027722e-01
4.555583063244927899e-02,1.204552005904699907e+00
3.131190928937783724e-01,4.331483418167669797e-01
1.253586001627839730e+00,-1.836387437604470874e+00
8.002331398394546547e-01,-6.387622509890249489e-01
2.628676900997533039e-01,1.125001867827486457e-01
3.301578803080466029e-01,1.980868136499022825e+00
9.416882579686707277e-01,5.391855387994783921e-01
-3.186429807489731258e-01,9.854014992080480928e-01
-6.163153846797790880e-01,6.560919442818062830e-01
1.360803823603554896e+00,-1.172581250917653639e-01
1.469274228510541791e+00,-1.436734016007141124e+00
-3.889101409673295651e-01,2.520742005401981345e+00
-5.508284820838494911e-01,1.104964748612669467e+00
2.161775305793961488e-01,-9.513801622456996565e-02
-2.176928268951036083e-01,9.760793170201585989e-01
4.907206046375386377e-01,4.139212575447021036e-01
8.812873592178069870e-01,-6.286229132716547596e-01
1.381674525654308816e+00,1.223991367597391466e+00
1.077051035540669943e+00,-1.540664065570549468e+00
8.986341391838037485e-01,1.268969561223477482e+00
1.350428230286981446e+00,-1.410303365482549198e-01
-3.961950824390058079e-01,9.402565674549162589e-01
1.276831833266647287e+00,5.124718355599425790e-01
-4.248072368207628235e-01,2.918596301094255718e+00
-1.961953494978885271e-01,2.062948464331016751e+00
1.735505312318962767e+00,-1.289345864922668339e+00
1.525625712650787724e-01,-1.058772241666660285e+00
-1.326745301315038983e+00,6.983143596640305484e-01
8.236619899871233663e-03,3.212552956579908248e+00
-2.686792110101499098e-02,7.449113430912064349e-01
-3.639549795092944517e-02,2.138012158577569544e+00
-4.825723705177701328e-01,1.846297474602568212e+00
1.451158777971153446e+00,-4.112171633477006427e-01
1.120459317443138092e+00,-1.323295554053291578e+00
-1.231333387371394972e+00,2.216277421781123635e+00
1.218352476444288790e-01,1.274879776974444656e+00
-6.310748428140444677e-02,6.440995900599547630e-01
-1.359238320800147282e+00,1.566771478057582323e+00
9.944172582204706679e-01,2.847755823418509635e-01
1.024943735910177622e+00,-4.339306169258966284e-01
-3.223863151480635958e-01,1.616376843992628043e+00
-7.402157546244980679e-01,1.530765153390256650e+00
7.026030380229255634e-01,1.678898381478741708e+00
1.367327800671449989e+00,-6.371277882962810279e-01
1.268888590792047300e+00,-1.234368898399419212e+00
3.223483605720778300e-02,-2.698560017572719794e-01
1.813857137751451409e+00,-1.535434083553656626e+00
-6.383325858869172142e-01,1.483059459897803745e+00
1.394258235472643825e+00,-1.880457450056923552e+00
-1.834574868715920237e-01,1.606824420585797331e+00
-5.630549792219907701e-01,3.004224177189835920e-01
-2.851561692236672663e-01,7.496195857878595881e-01
8.797424808398877083e-01,1.398254851734354265e+00
-4.389510910841940561e-01,4.859149887643667842e-01
-3.398294364906818688e-01,-2.258289284200089009e-01
9.419230351775147447e-01,1.346092943335102987e+00
1.677314982323272918e+00,2.841401755472064972e-01
3.620171144450207157e-01,5.056029772322284677e-01
1.649632390311735142e+00,-1.703945681730712147e+00
-6.955096163330343195e-01,-1.523111432616532923e-01
-1.972190283893460183e-02,5.475796941499802006e-01
-1.445804711324050196e-01,9.648304134192158266e-01
7.879995689118429736e-01,-8.323622575900105902e-01
2.908032423021411628e-01,7.042601028145487607e-01
1.581060234590728086e+00,-1.324472041032537906e+00
-8.241531091934448661e-01,2.784967939910311330e+00
9.454614378521031259e-01,2.689294106935762318e-01
1.490584286463556785e+00,-1.349673242404267226e+00
2.218905088460447761e-01,1.121300513327806891e+00
1.474362295482043006e+00,-1.019712918977157656e+00
-2.208924083118952719e-01,1.394666070238626654e+00
-5.874476832447730335e-01,5.584614013532525068e-01
-6.465308854125177973e-01,6.433534971791585733e-01
-9.080258976468125187e-02,2.861873724150922449e+00
7.239627514512170237e-02,-1.619194735954138986e+00
7.215389585607294709e-01,2.712878414860179888e+00
7.592050417009071905e-01,-9.964913106600915560e-01
-6.043928678051245784e-01,9.686741537583188899e-01
-1.068504207614876300e+00,8.393974790026346167e-01
2.122615889095117225e+00,-1.470943416427993533e+00
1.277682763371812857e+00,-5.864020510633928263e-01
3.493931133651237975e-01,1.399559363644715004e+00
1.062032327480589622e+00,-1.152769964490723664e+00
1.084748593180137721e+00,1.485734552130708597e+00
1.057862885029242861e+00,-3.892405660882046758e-01
1.773940888644356395e+00,-6.614271426681507249e-01
1.330638366800583228e+00,-1.349464375411588035e+00
1.832897763448823714e+00,-3.001402896224382166e-01
-1.074311388645474707e-01,2.215835939237061236e+00
-2.588283018848047679e-01,1.621413981020731532e+00
-5.120745974552224355e-01,1.768101971179726117e+00
1.689384573574413073e+00,-1.249939999375854871e+00
7.130851232566676190e-01,4.855978159514117154e-01
9.000162797137574167e-01,5.028212866059820207e-01
4.232781579191179366e-01,1.114877400985719635e+00
2.252498666086072632e+00,-1.541791166413571279e+00
-1.335634748918844261e+00,1.636498306977963946e+00
3.180205562446264400e-01,1.083701545722878468e+00
9.637322308782141356e-01,2.130154727345222820e+00
3.400841525211732996e-01,-9.197278957485317541e-01
1.462864291671412742e+00,5.726000839337712645e-01
-1.949009927698263089e-01,2.701843558606152884e-01
-9.578058775486204546e-01,2.363983615735737676e+00
8.522274129198803561e-02,2.286361338105592500e-01
3.098573852563247799e-01,9.151197268349041680e-01
2.012746968625278576e+00,1.002077544215961513e+00
1.398383983218903115e+00,4.295747844803612381e-01
4.700795794939209848e-01,2.741383267112908140e+00
-6.059987117699263681e-01,2.602130395282916897e+00
6.373746634449515280e-01,1.707826272254211242e+00
